<?xml version="1.0" encoding="utf-8"?>
<!--/972185/1620765/2.50/7/2/Connector/-->
<quadcept_library>
  <setting unit="mil" />
  <textstyle name="Default" height="47.244094488189" strokewidth="7.8740157480315" charwidth="47.244094488189" />
  <textstyle name="Dimension" height="19.6850393700787" strokewidth="0" charwidth="19.6850393700787" />
  <textstyle name="H127W0635TH00762" height="50" strokewidth="3" charwidth="25" />
  <textstyle name="H15W15TH02" height="59.0551181102362" strokewidth="7.8740157480315" charwidth="59.0551181102362" />
  <padstyle name="r180_165" surface="True" plated="False" isvia="False" nopaste="False" nomask="True" complex="False" holesize="0">
    <padshape layer="TOP" shape="rectangle" width="64.960629921259" height="70.866141732283" />
    <padshape layer="TOP_SOLDER_MASK" shape="rectangle" width="72.83464566929" height="78.740157480314" />
    <padshape layer="TOP_SOLDER_PASTE" shape="rectangle" width="64.960629921259" height="70.866141732283" />
  </padstyle>
  <padstyle name="r165_160" surface="True" plated="False" isvia="False" nopaste="False" nomask="True" complex="False" holesize="0">
    <padshape layer="TOP" shape="rectangle" width="62.992125984251" height="64.960629921259" />
    <padshape layer="TOP_SOLDER_MASK" shape="rectangle" width="70.866141732283" height="72.83464566929" />
    <padshape layer="TOP_SOLDER_PASTE" shape="rectangle" width="62.992125984251" height="64.960629921259" />
  </padstyle>
  <footprint name="SJ43617SMTTR" originx="0" originy="0" pickpointx="0" pickpointy="0">
    <pcbpin number="1" name="1" style="r165_160" originx="-173.22834645669" originy="156.49606299212" rotation="0" />
    <pcbpin number="2" name="2" style="r180_165" originx="188.97637795275" originy="-156.49606299212" rotation="90" />
    <pcbpin number="3" name="3" style="r180_165" originx="23.622047244094" originy="-156.49606299212" rotation="90" />
    <pcbpin number="4" name="4" style="r180_165" originx="-94.488188976377" originy="-156.49606299212" rotation="90" />
    <pcbpin number="5" name="10" style="r180_165" originx="188.97637795275" originy="156.49606299212" rotation="90" />
    <pcbpin number="6" name="11" style="r180_165" originx="23.622047244094" originy="156.49606299212" rotation="90" />
    <pcbpin number="7" name="12" style="r180_165" originx="-94.488188976377" originy="156.49606299212" rotation="90" />
    <line layer="TOP_ASSEMBLY" originx="-212.59842519685" originy="150" endx="287.40157480315" endy="150" width="7.8740157480314" />
    <line layer="TOP_ASSEMBLY" originx="287.40157480315" originy="150" endx="287.40157480315" endy="-150" width="7.8740157480314" />
    <line layer="TOP_ASSEMBLY" originx="287.40157480315" originy="-150" endx="-212.59842519685" endy="-150" width="7.8740157480314" />
    <line layer="TOP_ASSEMBLY" originx="-212.59842519685" originy="-150" endx="-212.59842519685" endy="150" width="7.8740157480314" />
    <line layer="TOP_ASSEMBLY" originx="-212.59842519685" originy="98.425196850392" endx="-287.40157480315" endy="98.425196850392" width="7.8740157480314" />
    <line layer="TOP_ASSEMBLY" originx="-287.40157480315" originy="98.425196850392" endx="-287.40157480315" endy="-98.425196850392" width="7.8740157480314" />
    <line layer="TOP_ASSEMBLY" originx="-287.40157480315" originy="-98.425196850392" endx="-212.59842519685" endy="-98.425196850392" width="7.8740157480314" />
    <line layer="TOP_ASSEMBLY" originx="-212.59842519685" originy="-98.425196850392" endx="-212.59842519685" endy="98.425196850392" width="7.8740157480314" />
    <line layer="TOP_PLACE_BOUND" originx="-326.7716535433" originy="221.85039370078" endx="326.7716535433" endy="221.85039370078" width="3.9370078740157" />
    <line layer="TOP_PLACE_BOUND" originx="326.7716535433" originy="221.85039370078" endx="326.7716535433" endy="-221.85039370078" width="3.9370078740157" />
    <line layer="TOP_PLACE_BOUND" originx="326.7716535433" originy="-221.85039370078" endx="-326.7716535433" endy="-221.85039370078" width="3.9370078740157" />
    <line layer="TOP_PLACE_BOUND" originx="-326.7716535433" originy="-221.85039370078" endx="-326.7716535433" endy="221.85039370078" width="3.9370078740157" />
    <line layer="TOP_SILKSCREEN" originx="82.67716535433" originy="150" endx="122.04724409449" endy="150" width="3.9370078740157" />
    <line layer="TOP_SILKSCREEN" originx="259.84251968504" originy="150" endx="287.40157480315" endy="150" width="3.9370078740157" />
    <line layer="TOP_SILKSCREEN" originx="287.40157480315" originy="150" endx="287.40157480315" endy="-150" width="3.9370078740157" />
    <line layer="TOP_SILKSCREEN" originx="287.40157480315" originy="-150" endx="259.84251968504" endy="-150" width="3.9370078740157" />
    <line layer="TOP_SILKSCREEN" originx="-153.54330708661" originy="-150" endx="-212.59842519685" endy="-150" width="3.9370078740157" />
    <line layer="TOP_SILKSCREEN" originx="-212.59842519685" originy="-150" endx="-212.59842519685" endy="-98.425196850392" width="3.9370078740157" />
    <line layer="TOP_SILKSCREEN" originx="-212.59842519685" originy="-98.425196850392" endx="-287.40157480315" endy="-98.425196850392" width="3.9370078740157" />
    <line layer="TOP_SILKSCREEN" originx="-287.40157480315" originy="-98.425196850392" endx="-287.40157480315" endy="98.425196850392" width="3.9370078740157" />
    <line layer="TOP_SILKSCREEN" originx="-287.40157480315" originy="98.425196850392" endx="-212.59842519685" endy="98.425196850392" width="3.9370078740157" />
    <line layer="TOP_SILKSCREEN" originx="-173.22834645669" originy="204.72440944882" endx="-173.22834645669" endy="204.72440944882" width="7.8740157480314" />
    <arc layer="TOP_SILKSCREEN" originx="-173.22834645669" originy="208.66141732283" startangle="-90.0" sweepangle="180.0" radius="3.9370078740157" width="7.8740157480314" />
    <line layer="TOP_SILKSCREEN" originx="-173.22834645669" originy="212.59842519685" endx="-173.22834645669" endy="212.59842519685" width="7.8740157480314" />
    <arc layer="TOP_SILKSCREEN" originx="-173.22834645669" originy="208.66141732283" startangle="90.0" sweepangle="180.0" radius="3.9370078740157" width="7.8740157480314" />
  </footprint>
  <symbol name="SJ-43617-SMT-TR" originx="0" originy="0">
    <line originx="200" originy="100" endx="1500" endy="100" width="0" />
    <line originx="1500" originy="-400" endx="1500" endy="100" width="0" />
    <line originx="1500" originy="-400" endx="200" endy="-400" width="0" />
    <line originx="200" originy="100" endx="200" endy="-400" width="0" />
    <sympin number="1" originx="1500" originy="0" rotation="0" length="100" width="7.8740157480315" flipped="False">
      <text name="pinname" originx="1470" originy="0" style="Default" rotation="0" justify="right" flipped="False" hidden="False" data="SLEEVE" />
      <text name="pindes" originx="1560" originy="20" style="Default" rotation="0" justify="lowerleft" flipped="False" hidden="False" data="1" />
    </sympin>
    <sympin number="2" originx="200" originy="-200" rotation="180" length="100" width="7.8740157480315" flipped="False">
      <text name="pinname" originx="230" originy="-200" style="Default" rotation="0" justify="left" flipped="False" hidden="False" data="TIP" />
      <text name="pindes" originx="140" originy="-180" style="Default" rotation="0" justify="lowerright" flipped="False" hidden="False" data="2" />
    </sympin>
    <sympin number="3" originx="200" originy="-100" rotation="180" length="100" width="7.8740157480315" flipped="False">
      <text name="pinname" originx="230" originy="-100" style="Default" rotation="0" justify="left" flipped="False" hidden="False" data="RING_1" />
      <text name="pindes" originx="140" originy="-80" style="Default" rotation="0" justify="lowerright" flipped="False" hidden="False" data="3" />
    </sympin>
    <sympin number="4" originx="200" originy="0" rotation="180" length="100" width="7.8740157480315" flipped="False">
      <text name="pinname" originx="230" originy="0" style="Default" rotation="0" justify="left" flipped="False" hidden="False" data="RING_2" />
      <text name="pindes" originx="140" originy="20" style="Default" rotation="0" justify="lowerright" flipped="False" hidden="False" data="4" />
    </sympin>
    <sympin number="10" originx="1500" originy="-300" rotation="0" length="100" width="7.8740157480315" flipped="False">
      <text name="pinname" originx="1470" originy="-300" style="Default" rotation="0" justify="right" flipped="False" hidden="False" data="TIP_SWITCH" />
      <text name="pindes" originx="1560" originy="-280" style="Default" rotation="0" justify="lowerleft" flipped="False" hidden="False" data="10" />
    </sympin>
    <sympin number="11" originx="1500" originy="-200" rotation="0" length="100" width="7.8740157480315" flipped="False">
      <text name="pinname" originx="1470" originy="-200" style="Default" rotation="0" justify="right" flipped="False" hidden="False" data="RING_1_SWITCH" />
      <text name="pindes" originx="1560" originy="-180" style="Default" rotation="0" justify="lowerleft" flipped="False" hidden="False" data="11" />
    </sympin>
    <sympin number="12" originx="1500" originy="-100" rotation="0" length="100" width="7.8740157480315" flipped="False">
      <text name="pinname" originx="1470" originy="-100" style="Default" rotation="0" justify="right" flipped="False" hidden="False" data="RING_2_SWITCH" />
      <text name="pindes" originx="1560" originy="-80" style="Default" rotation="0" justify="lowerleft" flipped="False" hidden="False" data="12" />
    </sympin>
  </symbol>
  <component name="SJ-43617-SMT-TR" designatorprefix="J" height="212.59842519685" footprint="SJ43617SMTTR">
    <comppin designator="1" sympin="1" pinswap="0" gateswap="0" gate="1" group="1" side="" type="Any" name="SLEEVE" />
    <comppin designator="2" sympin="2" pinswap="0" gateswap="0" gate="1" group="1" side="" type="Any" name="TIP" />
    <comppin designator="3" sympin="3" pinswap="0" gateswap="0" gate="1" group="1" side="" type="Any" name="RING_1" />
    <comppin designator="4" sympin="4" pinswap="0" gateswap="0" gate="1" group="1" side="" type="Any" name="RING_2" />
    <comppin designator="10" sympin="10" pinswap="0" gateswap="0" gate="1" group="1" side="" type="Any" name="TIP_SWITCH" />
    <comppin designator="11" sympin="11" pinswap="0" gateswap="0" gate="1" group="1" side="" type="Any" name="RING_1_SWITCH" />
    <comppin designator="12" sympin="12" pinswap="0" gateswap="0" gate="1" group="1" side="" type="Any" name="RING_2_SWITCH" />
    <attached_symbol gate="1" name="SJ-43617-SMT-TR" />
    <pinmap designator="1" footprintpin="1" />
    <pinmap designator="2" footprintpin="2" />
    <pinmap designator="3" footprintpin="3" />
    <pinmap designator="4" footprintpin="4" />
    <pinmap designator="10" footprintpin="5" />
    <pinmap designator="11" footprintpin="6" />
    <pinmap designator="12" footprintpin="7" />
    <text name="Datasheet" originx="0" originy="0" style="Default" rotation="0" justify="" flipped="False" hidden="True" data="https://www.sameskydevices.com/product/resource/sj-4361x-smt.pdf" />
    <text name="Description" originx="0" originy="0" style="Default" rotation="0" justify="" flipped="False" hidden="True" data="3.5 mm, Right Angle, Mid Mount (SMT), 4 Conductors, 1 Internal Switch, Audio Jack Connector" />
    <text name="Mouser Part Number" originx="0" originy="0" style="Default" rotation="0" justify="" flipped="False" hidden="True" data="490-SJ-43617-SMT-TR" />
    <text name="Mouser Price/Stock" originx="0" originy="0" style="Default" rotation="0" justify="" flipped="False" hidden="True" data="https://www.mouser.co.uk/ProductDetail/Same-Sky/SJ-43617-SMT-TR?qs=WyjlAZoYn52vhGUiAWRAtA%3D%3D" />
    <text name="Manufacturer_Name" originx="0" originy="0" style="Default" rotation="0" justify="" flipped="False" hidden="True" data="Same Sky" />
    <text name="Manufacturer_Part_Number" originx="1550" originy="200" style="Default" rotation="0" justify="left" flipped="False" hidden="False" data="SJ-43617-SMT-TR" />
  </component>
</quadcept_library>
