<?xml version="1.0" encoding="utf-8"?>
<!--/1738878/1620765/2.50/4/4/Switch/-->
<quadcept_library>
  <setting unit="mil" />
  <textstyle name="Default" height="47.244094488189" strokewidth="7.8740157480315" charwidth="47.244094488189" />
  <textstyle name="Dimension" height="19.6850393700787" strokewidth="0" charwidth="19.6850393700787" />
  <textstyle name="H127W0635TH00762" height="50" strokewidth="3" charwidth="25" />
  <textstyle name="H15W15TH02" height="59.0551181102362" strokewidth="7.8740157480315" charwidth="59.0551181102362" />
  <padstyle name="r65_60" surface="True" plated="False" isvia="False" nopaste="False" nomask="True" complex="False" holesize="0">
    <padshape layer="TOP" shape="rectangle" width="23.622047244094" height="25.590551181102" />
    <padshape layer="TOP_SOLDER_MASK" shape="rectangle" width="31.496062992126" height="33.464566929133" />
    <padshape layer="TOP_SOLDER_PASTE" shape="rectangle" width="23.622047244094" height="25.590551181102" />
  </padstyle>
  <footprint name="SKRWAEE030" originx="0" originy="0" pickpointx="0" pickpointy="0">
    <pcbpin number="1" name="1" style="r65_60" originx="-61.023622047243" originy="54.133858267716" rotation="90" />
    <pcbpin number="2" name="2" style="r65_60" originx="-61.023622047243" originy="-54.133858267716" rotation="90" />
    <pcbpin number="3" name="3" style="r65_60" originx="61.023622047243" originy="54.133858267716" rotation="90" />
    <pcbpin number="4" name="4" style="r65_60" originx="61.023622047243" originy="-54.133858267716" rotation="90" />
    <line layer="TOP_ASSEMBLY" originx="-72.83464566929" originy="72.83464566929" endx="72.83464566929" endy="72.83464566929" width="7.8740157480314" />
    <line layer="TOP_ASSEMBLY" originx="72.83464566929" originy="72.83464566929" endx="72.83464566929" endy="-72.83464566929" width="7.8740157480314" />
    <line layer="TOP_ASSEMBLY" originx="72.83464566929" originy="-72.83464566929" endx="-72.83464566929" endy="-72.83464566929" width="7.8740157480314" />
    <line layer="TOP_ASSEMBLY" originx="-72.83464566929" originy="-72.83464566929" endx="-72.83464566929" endy="72.83464566929" width="7.8740157480314" />
    <line layer="TOP_PLACE_BOUND" originx="-113.18897637795" originy="112.20472440945" endx="113.18897637795" endy="112.20472440945" width="3.9370078740157" />
    <line layer="TOP_PLACE_BOUND" originx="113.18897637795" originy="112.20472440945" endx="113.18897637795" endy="-112.20472440945" width="3.9370078740157" />
    <line layer="TOP_PLACE_BOUND" originx="113.18897637795" originy="-112.20472440945" endx="-113.18897637795" endy="-112.20472440945" width="3.9370078740157" />
    <line layer="TOP_PLACE_BOUND" originx="-113.18897637795" originy="-112.20472440945" endx="-113.18897637795" endy="112.20472440945" width="3.9370078740157" />
    <line layer="TOP_SILKSCREEN" originx="-72.83464566929" originy="72.83464566929" endx="72.83464566929" endy="72.83464566929" width="3.9370078740157" />
    <line layer="TOP_SILKSCREEN" originx="-72.83464566929" originy="-72.83464566929" endx="72.83464566929" endy="-72.83464566929" width="3.9370078740157" />
    <line layer="TOP_SILKSCREEN" originx="-72.83464566929" originy="31.496062992126" endx="-72.83464566929" endy="-31.496062992126" width="3.9370078740157" />
    <line layer="TOP_SILKSCREEN" originx="72.83464566929" originy="31.496062992126" endx="72.83464566929" endy="-31.496062992126" width="3.9370078740157" />
    <line layer="TOP_SILKSCREEN" originx="-94.488188976377" originy="59.055118110235" endx="-94.488188976377" endy="59.055118110235" width="7.8740157480314" />
    <arc layer="TOP_SILKSCREEN" originx="-94.488188976377" originy="55.11811023622" startangle="90.0" sweepangle="180.0" radius="3.9370078740157" width="7.8740157480314" />
    <line layer="TOP_SILKSCREEN" originx="-94.488188976377" originy="51.181102362204" endx="-94.488188976377" endy="51.181102362204" width="7.8740157480314" />
    <arc layer="TOP_SILKSCREEN" originx="-94.488188976377" originy="55.11811023622" startangle="-90.0" sweepangle="180.0" radius="3.9370078740157" width="7.8740157480314" />
  </footprint>
  <symbol name="SKRWAEE030" originx="0" originy="0">
    <line originx="200" originy="100" endx="600" endy="100" width="0" />
    <line originx="600" originy="-200" endx="600" endy="100" width="0" />
    <line originx="600" originy="-200" endx="200" endy="-200" width="0" />
    <line originx="200" originy="100" endx="200" endy="-200" width="0" />
    <sympin number="1" originx="200" originy="0" rotation="180" length="100" width="7.8740157480315" flipped="False">
      <text name="pinname" originx="230" originy="0" style="Default" rotation="0" justify="left" flipped="False" hidden="False" data="1" />
      <text name="pindes" originx="140" originy="20" style="Default" rotation="0" justify="lowerright" flipped="False" hidden="False" data="1" />
    </sympin>
    <sympin number="2" originx="200" originy="-100" rotation="180" length="100" width="7.8740157480315" flipped="False">
      <text name="pinname" originx="230" originy="-100" style="Default" rotation="0" justify="left" flipped="False" hidden="False" data="2" />
      <text name="pindes" originx="140" originy="-80" style="Default" rotation="0" justify="lowerright" flipped="False" hidden="False" data="2" />
    </sympin>
    <sympin number="3" originx="600" originy="0" rotation="0" length="100" width="7.8740157480315" flipped="False">
      <text name="pinname" originx="570" originy="0" style="Default" rotation="0" justify="right" flipped="False" hidden="False" data="3" />
      <text name="pindes" originx="660" originy="20" style="Default" rotation="0" justify="lowerleft" flipped="False" hidden="False" data="3" />
    </sympin>
    <sympin number="4" originx="600" originy="-100" rotation="0" length="100" width="7.8740157480315" flipped="False">
      <text name="pinname" originx="570" originy="-100" style="Default" rotation="0" justify="right" flipped="False" hidden="False" data="4" />
      <text name="pindes" originx="660" originy="-80" style="Default" rotation="0" justify="lowerleft" flipped="False" hidden="False" data="4" />
    </sympin>
  </symbol>
  <component name="SKRWAEE030" designatorprefix="S" height="19.685039370078" footprint="SKRWAEE030">
    <comppin designator="1" sympin="1" pinswap="0" gateswap="0" gate="1" group="1" side="" type="Any" name="1" />
    <comppin designator="2" sympin="2" pinswap="0" gateswap="0" gate="1" group="1" side="" type="Any" name="2" />
    <comppin designator="3" sympin="3" pinswap="0" gateswap="0" gate="1" group="1" side="" type="Any" name="3" />
    <comppin designator="4" sympin="4" pinswap="0" gateswap="0" gate="1" group="1" side="" type="Any" name="4" />
    <attached_symbol gate="1" name="SKRWAEE030" />
    <pinmap designator="1" footprintpin="1" />
    <pinmap designator="2" footprintpin="2" />
    <pinmap designator="3" footprintpin="3" />
    <pinmap designator="4" footprintpin="4" />
    <text name="Datasheet" originx="0" originy="0" style="Default" rotation="0" justify="" flipped="False" hidden="True" data="https://www.alps.com/prod/info/E/HTML/Tact/SurfaceMount/SKRW/SKRWAEE030.html" />
    <text name="Description" originx="0" originy="0" style="Default" rotation="0" justify="" flipped="False" hidden="True" data="Tactile Switches 3.7x3.7x0.35mm 160gf" />
    <text name="Mouser Part Number" originx="0" originy="0" style="Default" rotation="0" justify="" flipped="False" hidden="True" data="688-SKRWAEE030" />
    <text name="Mouser Price/Stock" originx="0" originy="0" style="Default" rotation="0" justify="" flipped="False" hidden="True" data="https://www.mouser.co.uk/ProductDetail/Alps-Alpine/SKRWAEE030?qs=4aVxpR%2FL9VKdaQi%252BS4Mesg%3D%3D" />
    <text name="Manufacturer_Name" originx="0" originy="0" style="Default" rotation="0" justify="" flipped="False" hidden="True" data="ALPS Electric" />
    <text name="Manufacturer_Part_Number" originx="650" originy="200" style="Default" rotation="0" justify="left" flipped="False" hidden="False" data="SKRWAEE030" />
  </component>
</quadcept_library>
